{
    "batchName": "",
    "batchTime": 1728626489,
    "boardConf": "nIR-C00M00-01",
    "boardCustom": "",
    "boardName": "DM9095",
    "boardOptions": 0,
    "boardRev": "R3M2E5",
    "cameraData": [
        [
            2,
            {
                "cameraType": 0,
                "distortionCoeff": [
                    44.74152374267578,
                    -62.51554870605469,
                    0.001110390992835164,
                    0.0019519501365721226,
                    18.548246383666992,
                    44.875892639160156,
                    -63.25336456298828,
                    19.42085075378418,
                    0.0,
                    0.0,
                    0.0,
                    0.0,
                    -0.0035266925115138292,
                    0.011200187727808952
                ],
                "extrinsics": {
                    "rotationMatrix": [
                        [
                            0.9999608993530273,
                            0.0034432020038366318,
                            -0.008146001026034355
                        ],
                        [
                            -0.0034980173222720623,
                            0.9999712705612183,
                            -0.006724451202899218
                        ],
                        [
                            0.008122613653540611,
                            0.006752683315426111,
                            0.9999442100524902
                        ]
                    ],
                    "specTranslation": {
                        "x": 3.75,
                        "y": 0.0,
                        "z": 0.0
                    },
                    "toCameraSocket": 0,
                    "translation": {
                        "x": 3.6987242698669434,
                        "y": 0.008375268429517746,
                        "z": -0.24795487523078918
                    }
                },
                "height": 480,
                "intrinsicMatrix": [
                    [
                        456.6775817871094,
                        0.0,
                        325.5358581542969
                    ],
                    [
                        0.0,
                        456.713623046875,
                        243.66880798339844
                    ],
                    [
                        0.0,
                        0.0,
                        1.0
                    ]
                ],
                "lensPosition": 0,
                "specHfovDeg": 72.9000015258789,
                "width": 640
            }
        ],
        [
            0,
            {
                "cameraType": 0,
                "distortionCoeff": [
                    -2.0025320053100586,
                    -2.172248363494873,
                    0.0003096071013715118,
                    0.00020079289970453829,
                    21.383703231811523,
                    -2.1130380630493164,
                    -1.7584246397018433,
                    20.77323341369629,
                    0.0,
                    0.0,
                    0.0,
                    0.0,
                    0.00461473036557436,
                    0.0016182013787329197
                ],
                "extrinsics": {
                    "rotationMatrix": [
                        [
                            0.0,
                            0.0,
                            0.0
                        ],
                        [
                            0.0,
                            0.0,
                            0.0
                        ],
                        [
                            0.0,
                            0.0,
                            0.0
                        ]
                    ],
                    "specTranslation": {
                        "x": -0.0,
                        "y": -0.0,
                        "z": -0.0
                    },
                    "toCameraSocket": -1,
                    "translation": {
                        "x": 0.0,
                        "y": 0.0,
                        "z": 0.0
                    }
                },
                "height": 2160,
                "intrinsicMatrix": [
                    [
                        3005.287109375,
                        0.0,
                        1945.110107421875
                    ],
                    [
                        0.0,
                        3004.699462890625,
                        1140.4517822265625
                    ],
                    [
                        0.0,
                        0.0,
                        1.0
                    ]
                ],
                "lensPosition": 78,
                "specHfovDeg": 68.7938003540039,
                "width": 3840
            }
        ],
        [
            1,
            {
                "cameraType": 0,
                "distortionCoeff": [
                    177.6230926513672,
                    -316.97308349609375,
                    0.0014594803797081113,
                    0.0026716324500739574,
                    179.02825927734375,
                    178.86805725097656,
                    -320.9263000488281,
                    182.71456909179688,
                    0.0,
                    0.0,
                    0.0,
                    0.0,
                    -0.0007816599099896848,
                    0.02224651165306568
                ],
                "extrinsics": {
                    "rotationMatrix": [
                        [
                            0.9996698498725891,
                            -0.018712813034653664,
                            -0.01760868914425373
                        ],
                        [
                            0.018742896616458893,
                            0.9998231530189514,
                            0.0015449278289452195
                        ],
                        [
                            0.017576664686203003,
                            -0.0018744556000456214,
                            0.9998437762260437
                        ]
                    ],
                    "specTranslation": {
                        "x": -7.5,
                        "y": 0.0,
                        "z": 0.0
                    },
                    "toCameraSocket": 2,
                    "translation": {
                        "x": -7.475741386413574,
                        "y": -0.05310395732522011,
                        "z": 0.10498391091823578
                    }
                },
                "height": 480,
                "intrinsicMatrix": [
                    [
                        456.9874572753906,
                        0.0,
                        311.1713562011719
                    ],
                    [
                        0.0,
                        456.9867248535156,
                        228.8088836669922
                    ],
                    [
                        0.0,
                        0.0,
                        1.0
                    ]
                ],
                "lensPosition": 0,
                "specHfovDeg": 72.9000015258789,
                "width": 640
            }
        ]
    ],
    "deviceName": "",
    "hardwareConf": "F0-FV00-BC000",
    "housingExtrinsics": {
        "rotationMatrix": [
            [
                0.9957420825958252,
                -0.015638988465070724,
                -0.09084682166576385
            ],
            [
                0.015351762063801289,
                0.9998747110366821,
                -0.0038596121594309807
            ],
            [
                0.09089580178260803,
                0.0024485194589942694,
                0.9958574175834656
            ]
        ],
        "specTranslation": {
            "x": 0.0,
            "y": 0.0,
            "z": 0.0
        },